<?xml version="1.0" encoding="UTF-8"?>
<!DOCTYPE mapper PUBLIC "-//mybatis.org//DTD Mapper 3.0//EN"
"http://mybatis.org/dtd/mybatis-3-mapper.dtd">
<mapper namespace="CartDAO">

 	<insert id="insertCart" parameterType="java.util.Map">
		<![CDATA[
      INSERT INTO cart(cnum,cart_num,item_index,item_image,item_name,item_price,item_size,item_count)
      VALUES(#{cnum.cnum},seq_cnum.nextval,#{vo.item_index},#{vo.item_image},#{vo.item_name},#{vo.item_price},#{vo.item_size},#{vo.item_count})

		]]>
	</insert> 
 	<select id="getCartList" parameterType="cart" resultType="cart">
 		<![CDATA[
 			select * from cart where cnum=#{cnum}
 		]]>
 	</select>
	<update id="updateCart" parameterType="int">
      <![CDATA[
      UPDATE ITEM 
      SET   ITEM_SOLDCOUNT = ITEM_SOLDCOUNT + 1
      WHERE item_index = #{cnt}
      ]]>
   </update>

	<delete id="deleteCart" parameterType="int">
		<![CDATA[
		DELETE from cart
		WHERE cart_num = #{num}
		]]>
	</delete>
	<insert id="insertBuy" parameterType="cart">
		<![CDATA[
		insert into sold_history(temp,sold_date,item_index,cnum)
		values(seq_temp.nextval,sysdate,#{item_index},#{cnum})
		]]>
	</insert>
</mapper> 